5q7FtT_DyME;UCZUyPT9DkJWmS_DzdOi7RIA
qGbZSjpa1Fw;UCEqCu7uFzlXaDKnfQeY5s-g
LpRtQaE15HQ;UCV8e2g4IWQqK71bbzGDEI4Q
7rg8JZCkX24;UCy0Pr5u-MwGXXzp_GDd4m_g
-YLDwYBVz58;UCXEuQ_O6BUWwhVhcMyXNHgg
sdVLf8wyvy0;UCq6DMRmho-04SbDvG7UKWyA
Syhr0T4t6_I;UCpjLVja-gdCtElYvMmvYvYQ
ot1cZhg77uk;UCvjo4uluY3e4A9lgdtCrwmQ
Z5YeexuGjo4;UCV8e2g4IWQqK71bbzGDEI4Q
VwGRQZdxRb8;UCnDquwyoD2AJwGXym_vezHg
6PdOC4EErNg;UCWr0mx597DnSGLFk1WfvSkQ
hiehLFrTlRs;UCDogdKl7t7NHzQ95aEwkdMw
qi0or5ATJ-A;UCXEuQ_O6BUWwhVhcMyXNHgg
8k_eaLrPxjM;UCFqHdCbgU7HoE7_KCeAupPA
4AMA8-c2czE;UC173FCaSv6VvqDxuoinDr3g
rQOh9ar51LM;UCy0Pr5u-MwGXXzp_GDd4m_g
TTTTiXi1C5Q;UCrUL8K81R4VBzm-KOYwrcxQ
DoGiLbirsdo;UCKvaSxHH11xccltyc8IFXjA
ctsdB-CTaaI;UCXEuQ_O6BUWwhVhcMyXNHgg
m_OEsbdT5zI;UCq6DMRmho-04SbDvG7UKWyA
u1IbhkC2Cn8;UCC_NjLEb2Sley94py4vSYTA
UHY_WjKTktk;UCPmfPl-BsCd3wmE8i45LAoA
huAbDonsJ_o;UCvjo4uluY3e4A9lgdtCrwmQ
jtiTnKgor1c;UCvjo4uluY3e4A9lgdtCrwmQ
xr7Y5-92DFE;UCeWaURbVb0kEFTpN2pB38cw
b4zp02iULYY;UCrUL8K81R4VBzm-KOYwrcxQ
4EVkp_1MPcI;UCnDquwyoD2AJwGXym_vezHg
5yk6bnEBWDA;UCG7J20LhUeLl6y_Emi7OJrA
gSl7A2c462w;UCKvaSxHH11xccltyc8IFXjA
49SupvcFC1M;UCY2ifv8iH1Dsgjrz-h3lWLQ
8eeYdcCql24;UCwRH985XgMYXQ6NxXDo8npw
WACt59_pfLo;UCV8e2g4IWQqK71bbzGDEI4Q
DcardGLG--Q;UCXEuQ_O6BUWwhVhcMyXNHgg
ta2oJ3fwmbQ;UCOEqrlL-PJSmbM9G2fNsDYQ
YW3rHvMh5AE;UCwRH985XgMYXQ6NxXDo8npw
wUcNo_w6XZM;UCF_n906__yoMtxZQtmqmZbA
ciyjnkLfmf4;UCOEqrlL-PJSmbM9G2fNsDYQ
OVRe8FKszFU;UCKvaSxHH11xccltyc8IFXjA
GtchEkGiwIw;UCVo61H4-TFEGcxFxVqNJXtg
v2LqhyVU2dk;UCeWaURbVb0kEFTpN2pB38cw
g8d6m52fpbo;UCdtDUhV2qYOp6D7XuviDOKg
fBHq7U8hLp8;UCBJycsmduvYEL83R_U4JriQ
dRY1UtypMFA;UCaP1PNnr055fOt89JPry51w
lNo2tQ6QfNg;UCDogdKl7t7NHzQ95aEwkdMw
l7fgebkXKEo;UCEqCu7uFzlXaDKnfQeY5s-g
Ko18rDA5PL0;UCF_n906__yoMtxZQtmqmZbA
O6RK5LtOnsQ;UCEqCu7uFzlXaDKnfQeY5s-g
yfBH82KBXJo;UCHOtaAJCOBDUWIcL4372D9A
eWgNzwXwCQk;UC-ewOmM-a2mrqiuaBFALtAw
ZSwC5-3lI2k;UCFqHdCbgU7HoE7_KCeAupPA
tpgGo2vOUSk;UC-ewOmM-a2mrqiuaBFALtAw
Dyliijbw_aQ;UCoOae5nYA7VqaXzerajD0lg
9anoXkLeS1g;UCDogdKl7t7NHzQ95aEwkdMw
P6v4rbgeAiY;UCwRH985XgMYXQ6NxXDo8npw
pmV55HDZSGU;UCWr0mx597DnSGLFk1WfvSkQ
PUXwiw3FKc4;UCFqHdCbgU7HoE7_KCeAupPA
uZzW637rzyA;UCzJjUHizQfPYywqt1mSEMww
eqyHLr1F9CQ;UCpjLVja-gdCtElYvMmvYvYQ
CoX2uoKerOk;UCOEqrlL-PJSmbM9G2fNsDYQ
ckT27CKzWuM;UC-ewOmM-a2mrqiuaBFALtAw
RO6JxDOVwLQ;UCCezIgC97PvUuR4_gbFUs5g
qP_rW3f_rR0;UCdtDUhV2qYOp6D7XuviDOKg
jXE-qrEW02U;UCV8e2g4IWQqK71bbzGDEI4Q
0UkqvZKPHpQ;UC-ewOmM-a2mrqiuaBFALtAw
coZbOM6E47I;UCCezIgC97PvUuR4_gbFUs5g
pvtKK96VkoE;UCG7J20LhUeLl6y_Emi7OJrA
3VCAellJLb8;UCC_NjLEb2Sley94py4vSYTA
s7u7jBwIocU;UCk5a-lI_ipCOvaqyey2rpFw
BusX1D2ZqmA;UCrUL8K81R4VBzm-KOYwrcxQ
4v2AEmgPQAs;UCHOtaAJCOBDUWIcL4372D9A
hqyrvfyMTZA;UC-ewOmM-a2mrqiuaBFALtAw
IZ7DQaribZg;UCwRH985XgMYXQ6NxXDo8npw
oIzfcrdUnlY;UCpjLVja-gdCtElYvMmvYvYQ
ypxYyJPb294;UCHOtaAJCOBDUWIcL4372D9A
5oVAXOCwCWE;UCHOtaAJCOBDUWIcL4372D9A
txB2JkV7STQ;UCzJjUHizQfPYywqt1mSEMww
7Oa-GtZE9tE;UCDogdKl7t7NHzQ95aEwkdMw
uzVDfqY4aaQ;UCo57jjOfHx1DbQaA-cGay_w
UNufLLsA7uo;UCOEqrlL-PJSmbM9G2fNsDYQ
GvGMs7iAvL0;UCKvaSxHH11xccltyc8IFXjA
oYGUobtqeBk;UCaP1PNnr055fOt89JPry51w
I0ClieMXmik;UCTLDHVizMEHSOt5A-rpN_Rw
jsOYzHIjjh8;UCo57jjOfHx1DbQaA-cGay_w
qD4d7X4jgxU;UCpjLVja-gdCtElYvMmvYvYQ
TJieFpWv0K0;UCpATIlZlmRRIN_KunbDrq7A
Z3O6X3T-FIc;UCTLDHVizMEHSOt5A-rpN_Rw
coEh-xYuDwQ;UCaP1PNnr055fOt89JPry51w
xZqx1ApD4mA;UCTLDHVizMEHSOt5A-rpN_Rw
fN08YtuG290;UCeWaURbVb0kEFTpN2pB38cw
0Jc5Ryk2mCw;UCBJycsmduvYEL83R_U4JriQ
Dm8GaSYZPF8;UCY2ifv8iH1Dsgjrz-h3lWLQ
GfWL0-dI3Dc;UCDogdKl7t7NHzQ95aEwkdMw
EOP3oMvx3yE;UCZUyPT9DkJWmS_DzdOi7RIA
th5_9woFJmk;UCCezIgC97PvUuR4_gbFUs5g
zR52DcLgk_s;UCy0Pr5u-MwGXXzp_GDd4m_g
ePn-fJM8tbM;UCF_n906__yoMtxZQtmqmZbA
n_DxrRVBQXk;UCdtDUhV2qYOp6D7XuviDOKg
8hJDhU0DJes;UC173FCaSv6VvqDxuoinDr3g
kWc1pf8x2o8;UCvjo4uluY3e4A9lgdtCrwmQ
53p1hbamtj4;UCwvd7wyre94C35oFvphFs8Q
ZUEDkbF3H04;UCZUyPT9DkJWmS_DzdOi7RIA
T_XX5rQ5EYY;UCeWaURbVb0kEFTpN2pB38cw
vQQEaSnQ_bs;UCCezIgC97PvUuR4_gbFUs5g
7w-xu8xC2Ao;UCEqCu7uFzlXaDKnfQeY5s-g
ITrK1W3zTpU;UCwvd7wyre94C35oFvphFs8Q
iwCQB-HmmNk;UCnDquwyoD2AJwGXym_vezHg
4lY3FS8JhSo;UCq6DMRmho-04SbDvG7UKWyA
CfB3ll3oQs8;UCto7D1L-MiRoOziCXK9uT5Q
A0WTjDOXwo8;UCpATIlZlmRRIN_KunbDrq7A
IDcyXtweHCw;UCBJycsmduvYEL83R_U4JriQ
EX9sHn8P4zA;UCdtDUhV2qYOp6D7XuviDOKg
CjSZwkDhRJk;UCo57jjOfHx1DbQaA-cGay_w
TbulIdDCgFE;UCzJjUHizQfPYywqt1mSEMww
huf2NrFqhYE;UCo57jjOfHx1DbQaA-cGay_w
P1Dp8C_TYTQ;UC173FCaSv6VvqDxuoinDr3g
XcHNWuMietY;UCY2ifv8iH1Dsgjrz-h3lWLQ
AYedrS4Ylkc;UCPmfPl-BsCd3wmE8i45LAoA
f_NeLUBm3nc;UCeWaURbVb0kEFTpN2pB38cw
dh7IwmBQZeI;UCpjLVja-gdCtElYvMmvYvYQ
9rpMzng_aw0;UCY2ifv8iH1Dsgjrz-h3lWLQ
n4xw2fmSCrs;UCBJycsmduvYEL83R_U4JriQ
h2lGPoxbG5w;UCpATIlZlmRRIN_KunbDrq7A
MAoVzsBdH4A;UCZUyPT9DkJWmS_DzdOi7RIA
4D1Bmt0I2AQ;UCwvd7wyre94C35oFvphFs8Q
MQJtELmzgtk;UCxaV-Pd-SZAgP-G1Mni47Hw
edBFNHWvkR4;UCxaV-Pd-SZAgP-G1Mni47Hw
Rl_soLZI0o8;UCxaV-Pd-SZAgP-G1Mni47Hw
Nl66_t1eKms;UCzJjUHizQfPYywqt1mSEMww
jyKLrSeYsoE;UCG7J20LhUeLl6y_Emi7OJrA
W52P1FOEEUY;UCaP1PNnr055fOt89JPry51w
tAYSloyj9L0;UCWr0mx597DnSGLFk1WfvSkQ
8e0B88f_jaI;UCy0Pr5u-MwGXXzp_GDd4m_g
Jdpy4G8ZYS8;UCHOtaAJCOBDUWIcL4372D9A
8Vs-f_eVYs0;UCpATIlZlmRRIN_KunbDrq7A
oRgN9I8vp4k;UCwRH985XgMYXQ6NxXDo8npw
n_gSDYsIDgo;UCrUL8K81R4VBzm-KOYwrcxQ
SOq05_6w0ig;UCBJycsmduvYEL83R_U4JriQ
p49qhRRRs7A;UCFqHdCbgU7HoE7_KCeAupPA
DGoaT_zcjm8;UCF_n906__yoMtxZQtmqmZbA
uQ36PH8sV7U;UCTLDHVizMEHSOt5A-rpN_Rw
1KO_HZtHOWI;UCCezIgC97PvUuR4_gbFUs5g
0bYl38DNbJ8;UCxaV-Pd-SZAgP-G1Mni47Hw
6Dvkq5yAvcA;UCoOae5nYA7VqaXzerajD0lg
2pJroMhdIog;UCC_NjLEb2Sley94py4vSYTA
Pg1J_kF1RpQ;UCzJjUHizQfPYywqt1mSEMww
ufK4IVLDzKw;UCC_NjLEb2Sley94py4vSYTA
9ttq7H4KZug;UCTLDHVizMEHSOt5A-rpN_Rw
mv4_RocY1Hc;UCy0Pr5u-MwGXXzp_GDd4m_g
0b-qUiKGy3o;UCWr0mx597DnSGLFk1WfvSkQ
aIL0-G5wRwM;UCV8e2g4IWQqK71bbzGDEI4Q
vhcM5GGaLYw;UCto7D1L-MiRoOziCXK9uT5Q
zxI97CmYGh0;UCY2ifv8iH1Dsgjrz-h3lWLQ
7HSVz1ESU8k;UCq6DMRmho-04SbDvG7UKWyA
DBQdkakqHhY;UCVo61H4-TFEGcxFxVqNJXtg
QzoWFTSC2OQ;UCo57jjOfHx1DbQaA-cGay_w
IJ7qonyOBGE;UC173FCaSv6VvqDxuoinDr3g
8lnKiNQphAk;UCPmfPl-BsCd3wmE8i45LAoA
PyyJNrFSBi0;UCnDquwyoD2AJwGXym_vezHg
tIY4EturdMQ;UCvjo4uluY3e4A9lgdtCrwmQ
sFKlUyr0iU0;UCxaV-Pd-SZAgP-G1Mni47Hw
L7uyfnd_51o;UCdtDUhV2qYOp6D7XuviDOKg
7X-sWis_GRg;UCKvaSxHH11xccltyc8IFXjA
OMucX7oB81w;UCPmfPl-BsCd3wmE8i45LAoA
4tmFFCcbX_w;UCwvd7wyre94C35oFvphFs8Q
dvSm3gek1aI;UC173FCaSv6VvqDxuoinDr3g
9uk6cs-Z3B4;UCEqCu7uFzlXaDKnfQeY5s-g
Gg8_TA7U0Uw;UCoOae5nYA7VqaXzerajD0lg
8fvFQr7sRyk;UCOEqrlL-PJSmbM9G2fNsDYQ
OFw2h8ZJzdQ;UCnDquwyoD2AJwGXym_vezHg
K80GnxU3OdM;UCVo61H4-TFEGcxFxVqNJXtg
a_47oh7L8r8;UCpATIlZlmRRIN_KunbDrq7A
uD6-WoYsXNg;UCXEuQ_O6BUWwhVhcMyXNHgg
MjWZdXKvQSs;UCVo61H4-TFEGcxFxVqNJXtg
hQbdWmuFyRA;UCWr0mx597DnSGLFk1WfvSkQ
SYt4vhBRVow;UCF_n906__yoMtxZQtmqmZbA
NkIAMP8uTik;UCrUL8K81R4VBzm-KOYwrcxQ
Cj9W3Ek0Ytw;UCaP1PNnr055fOt89JPry51w
c0Ra66LftqQ;UCFqHdCbgU7HoE7_KCeAupPA
sWvMBFdFJrQ;UCwvd7wyre94C35oFvphFs8Q
SqKyCnD7aEg;UCG7J20LhUeLl6y_Emi7OJrA
2R53Y7eP45k;UCZUyPT9DkJWmS_DzdOi7RIA
akLlNwNRVcY;UCto7D1L-MiRoOziCXK9uT5Q
if_2PTZKsEo;UCto7D1L-MiRoOziCXK9uT5Q
Es6DRhS5FhQ;UCVo61H4-TFEGcxFxVqNJXtg
Toz7XEsSH_o;UCoOae5nYA7VqaXzerajD0lg
cvqIBKmFNXQ;UCPmfPl-BsCd3wmE8i45LAoA
7hVqxhZaxtk;UCoOae5nYA7VqaXzerajD0lg
f5-JLKSQeyo;UCq6DMRmho-04SbDvG7UKWyA
EbosvUEBnf4;UCG7J20LhUeLl6y_Emi7OJrA
5mM_vnmHEdQ;UCC_NjLEb2Sley94py4vSYTA
ecAsn4osLm0;UCto7D1L-MiRoOziCXK9uT5Q
